{"0": {"train_loss": [0.47703581409454343, 0.2858004783709844, 0.24385389821926753, 0.21478158268928527, 0.19019776959021886], "train_acc": [0.82355, 0.89745, 0.9106833333333333, 0.9216333333333333, 0.9307166666666666], "val_loss": [3.8378236419677734, 0.40715950670242307, 2.274315913772583, 0.3577391988277435, 0.2777406965970993], "val_acc": [0.2283, 0.8572, 0.4052, 0.8706, 0.8987], "lr": 0.0025}, "1": {"train_loss": [0.22120291876395543, 0.1904284166912238, 0.16970166306694348, 0.15180469440718491, 0.13669463298519452], "train_acc": [0.9188166666666666, 0.9316166666666666, 0.9379333333333333, 0.9431166666666667, 0.9499666666666666], "val_loss": [0.306839287853241, 0.2966152998685837, 0.2240410642504692, 0.23186913998126985, 0.2689495883464813], "val_acc": [0.8894, 0.8973, 0.9243, 0.9234, 0.91], "lr": 0.005}, "2": {"train_loss": [0.15494463270306588, 0.13122477232615154, 0.11473801492154598, 0.10546875932017963, 0.09012498348404964], "train_acc": [0.9431166666666667, 0.9523, 0.95785, 0.96095, 0.9674833333333334], "val_loss": [0.22284613416194915, 0.23643315087556838, 0.21749200524091722, 0.22595882356762886, 0.24653380773067474], "val_acc": [0.9223, 0.9262, 0.9315, 0.9263, 0.926], "lr": 0.0075}, "3": {"train_loss": [0.1059150807718436, 0.09044851182003816, 0.08076646041870117, 0.07102004797371725, 0.062035491422563795], "train_acc": [0.96155, 0.96725, 0.9703, 0.9736666666666667, 0.9774833333333334], "val_loss": [0.23120137141942979, 0.2547608174324036, 0.24076081410646438, 0.26439208194613456, 0.2813662356555462], "val_acc": [0.9254, 0.9262, 0.9302, 0.9341, 0.9271], "lr": 0.01}, "4": {"train_loss": [0.07939485639507572, 0.06660030801345905, 0.06311313447207212, 0.058773543420434, 0.04987068637801955], "train_acc": [0.9714333333333334, 0.9754, 0.9777333333333333, 0.9794, 0.98195], "val_loss": [0.2598530227303505, 0.2983021366477013, 0.30515944989919663, 0.3167330859929323, 0.33793966945409776], "val_acc": [0.929, 0.9273, 0.9225, 0.9273, 0.9252], "lr": 0.0125}, "5": {"train_loss": [0.06242800111832718, 0.056202751321097213, 0.0507078976161778, 0.04884209300037473, 0.04605295245082428], "train_acc": [0.97755, 0.98045, 0.9817833333333333, 0.9824, 0.9837166666666667], "val_loss": [0.29194518320560453, 0.3105411675512791, 0.32938410767316817, 0.3501830512523651, 0.3527025625437498], "val_acc": [0.9269, 0.9228, 0.9268, 0.9253, 0.9198], "lr": 0.015000000000000001}, "6": {"train_loss": [0.05712783954385668, 0.04929800821561366, 0.044149217181559654, 0.04446384949684143, 0.0386500138125848], "train_acc": [0.9802833333333333, 0.98245, 0.9843666666666666, 0.98495, 0.9868833333333333], "val_loss": [0.41906907992362974, 0.3562011532664299, 0.34553423774242403, 0.44637671473026275, 0.35680873324871065], "val_acc": [0.9165, 0.9247, 0.9257, 0.9165, 0.9305], "lr": 0.0175}, "7": {"train_loss": [0.05091324073271826, 0.04210877716376757, 0.04328603823902086, 0.040760840871805946, 0.03716217455842998], "train_acc": [0.9822, 0.9852666666666666, 0.9847333333333333, 0.9859333333333333, 0.9875333333333334], "val_loss": [0.3765497429460287, 0.3389880808055401, 0.3082763507723808, 0.4346355565696955, 0.384751175904274], "val_acc": [0.9243, 0.9334, 0.9335, 0.9142, 0.9295], "lr": 0.02}, "8": {"train_loss": [0.04757014377601445, 0.04065461443538467, 0.038765590372867885, 0.035252798597545675, 0.03668941017277539], "train_acc": [0.98375, 0.9859, 0.9872166666666666, 0.9881166666666666, 0.9878], "val_loss": [0.35258130890130995, 0.48811365276575086, 0.4317376255333424, 0.5336867880702019, 0.40102854956388473], "val_acc": [0.9267, 0.9146, 0.9273, 0.9276, 0.9274], "lr": 0.0225}, "9": {"train_loss": [0.04532389119827809, 0.03926894287125518, 0.036007353500214716, 0.0362669754194639, 0.0361951435093768], "train_acc": [0.9854666666666667, 0.98705, 0.9886666666666667, 0.9877833333333333, 0.9883833333333333], "val_loss": [0.3664501522488892, 0.4150445496022701, 0.4201266165852547, 0.4347863431930542, 0.36590361152291295], "val_acc": [0.9243, 0.9275, 0.9281, 0.927, 0.9285], "lr": 0.024999999999999998}}